{"DGA": {"precision": 0.9754224070704445, "recall": 0.9880328602648832, "f1-score": 0.9816871378304489, "support": 75958}, "non-DGA": {"precision": 0.9954424896340455, "recall": 0.9905654258530282, "f1-score": 0.9929979694111293, "support": 200433}, "micro avg": {"precision": 0.9898694241129414, "recall": 0.9898694241129414, "f1-score": 0.9898694241129414, "support": 276391}, "macro avg": {"precision": 0.985432448352245, "recall": 0.9892991430589557, "f1-score": 0.9873425536207892, "support": 276391}, "weighted avg": {"precision": 0.9899405542187607, "recall": 0.9898694241129414, "f1-score": 0.9898895174528336, "support": 276391}, "accuracy": 0.9898694241129414, "false positives": 0.006841756786581329, "false negatives": 0.0032888191004772226}