{"DGA": {"precision": 0.8076046334920216, "recall": 0.685642065351905, "f1-score": 0.7416426359072946, "support": 75958}, "non-DGA": {"precision": 0.887316898218061, "recall": 0.9380990156311585, "f1-score": 0.9120015909316894, "support": 200433}, "micro avg": {"precision": 0.8687185906921716, "recall": 0.8687185906921716, "f1-score": 0.8687185906921716, "support": 276391}, "macro avg": {"precision": 0.8474607658550413, "recall": 0.8118705404915317, "f1-score": 0.826822113419492, "support": 276391}, "weighted avg": {"precision": 0.8654103086255617, "recall": 0.8687185906921716, "f1-score": 0.8651834039945496, "support": 276391}, "accuracy": 0.8687185906921716, "false positives": 0.0448893053681198, "false negatives": 0.0863921039397086}