{"Cryptolocker - Flashback": {"precision": 0.49799518845228546, "recall": 0.5077677841373671, "f1-score": 0.5028340080971659, "support": 1223}, "P2P Gameover Zeus": {"precision": 0.5, "recall": 0.002544529262086514, "f1-score": 0.005063291139240507, "support": 393}, "Post Tovar GOZ": {"precision": 0.9998460946517892, "recall": 0.9997691597414589, "f1-score": 0.9998076257165941, "support": 12996}, "Volatile Cedar / Explosive": {"precision": 0.9949748743718593, "recall": 0.9705882352941176, "f1-score": 0.9826302729528535, "support": 204}, "bamital": {"precision": 1.0, "recall": 1.0, "f1-score": 1.0, "support": 47}, "bedep": {"precision": 0.0, "recall": 0.0, "f1-score": 0.0, "support": 42}, "beebone": {"precision": 0.0, "recall": 0.0, "f1-score": 0.0, "support": 36}, "chinad": {"precision": 0.973421926910299, "recall": 0.9242902208201893, "f1-score": 0.948220064724919, "support": 317}, "corebot": {"precision": 0.967741935483871, "recall": 0.967741935483871, "f1-score": 0.967741935483871, "support": 62}, "cryptowall": {"precision": 0.0, "recall": 0.0, "f1-score": 0.0, "support": 23}, "dircrypt": {"precision": 0.0, "recall": 0.0, "f1-score": 0.0, "support": 139}, "dyre": {"precision": 1.0, "recall": 1.0, "f1-score": 1.0, "support": 1593}, "fobber": {"precision": 0.4, "recall": 0.020202020202020204, "f1-score": 0.038461538461538464, "support": 99}, "geodo": {"precision": 0.3333333333333333, "recall": 0.01680672268907563, "f1-score": 0.032, "support": 119}, "hesperbot": {"precision": 0.0, "recall": 0.0, "f1-score": 0.0, "support": 45}, "kraken": {"precision": 0.916775884665793, "recall": 0.791289592760181, "f1-score": 0.8494231936854888, "support": 1768}, "locky": {"precision": 0.6807727690892365, "recall": 0.462211118051218, "f1-score": 0.550595238095238, "support": 1601}, "mergedDGA": {"precision": 0.0, "recall": 0.0, "f1-score": 0.0, "support": 12}, "murofet": {"precision": 0.8251687727194046, "recall": 0.8416313559322034, "f1-score": 0.8333187658421467, "support": 5664}, "necurs": {"precision": 0.8685993975903614, "recall": 0.8121333020417743, "f1-score": 0.8394178289872649, "support": 8522}, "non-DGA": {"precision": 0.9936723740352246, "recall": 0.9911142376754327, "f1-score": 0.9923916572998626, "support": 200433}, "padcrypt": {"precision": 1.0, "recall": 0.9291338582677166, "f1-score": 0.963265306122449, "support": 127}, "proslikefan": {"precision": 1.0, "recall": 0.1038961038961039, "f1-score": 0.18823529411764706, "support": 154}, "pushdo": {"precision": 0.9452054794520548, "recall": 0.8440366972477065, "f1-score": 0.8917609046849758, "support": 327}, "pykspa": {"precision": 0.8057335581787521, "recall": 0.8578096947935369, "f1-score": 0.8309565217391304, "support": 2785}, "qakbot": {"precision": 0.6302408563782337, "recall": 0.6962305986696231, "f1-score": 0.6615942877209411, "support": 4059}, "ramdo": {"precision": 1.0, "recall": 0.9952941176470588, "f1-score": 0.9976415094339623, "support": 425}, "ramnit": {"precision": 0.8019052080893262, "recall": 0.918686823508364, "f1-score": 0.8563328608354874, "support": 11179}, "ranbyus": {"precision": 0.8910727406318883, "recall": 0.9171866137266024, "f1-score": 0.9039411161837325, "support": 5289}, "shiotob/urlzone/bebloh": {"precision": 0.951209341117598, "recall": 0.9257305194805194, "f1-score": 0.9382969971205265, "support": 2464}, "sisron": {"precision": 0.0, "recall": 0.0, "f1-score": 0.0, "support": 9}, "sphinx": {"precision": 0.0, "recall": 0.0, "f1-score": 0.0, "support": 128}, "symmi": {"precision": 0.9605263157894737, "recall": 1.0, "f1-score": 0.9798657718120806, "support": 73}, "tempedreve": {"precision": 0.0, "recall": 0.0, "f1-score": 0.0, "support": 47}, "tinba": {"precision": 0.9353095898201464, "recall": 0.9902160006020923, "f1-score": 0.9619799663668934, "support": 13287}, "unknowndropper": {"precision": 0.0, "recall": 0.0, "f1-score": 0.0, "support": 13}, "unknownjs": {"precision": 0.0, "recall": 0.0, "f1-score": 0.0, "support": 26}, "vawtrak": {"precision": 0.7768014059753954, "recall": 0.7198697068403909, "f1-score": 0.7472527472527473, "support": 614}, "vidro": {"precision": 0.0, "recall": 0.0, "f1-score": 0.0, "support": 47}, "micro avg": {"precision": 0.9602736702714633, "recall": 0.9602736702714633, "f1-score": 0.9602736702714633, "support": 276391}, "macro avg": {"precision": 0.5807771037624698, "recall": 0.5181072038146336, "f1-score": 0.5246930436891477, "support": 276391}, "weighted avg": {"precision": 0.9582610461822125, "recall": 0.9602736702714633, "f1-score": 0.9581659547039495, "support": 276391}, "accuracy": 0.9602736702714633, "false positives": 0.0064437698767326, "false negatives": 0.0045768494632603815}